{"Alfa Romeo": 59896.37478108581, "Anadol": 22761.666666666668, "Audi": 96733.96518771331, "BMW": 94139.9963313381, "Buick": 96854.54545454546, "Cadillac": 124119.96, "Chery": 29977.118644067796, "Chevrolet": 49254.633644859816, "Chrysler": 85901.71140939597, "Citro\u00ebn": 59349.82689556509, "DS Automobiles": 93620.85217391304, "Dacia": 62086.73410724157, "Daewoo": 17906.555555555555, "Daihatsu": 37938.32323232323, "Dodge": 70300.0, "Fiat": 56701.34469836763, "Ford": 70469.79671280277, "Geely": 33743.850877192985, "Honda": 89812.2328892972, "Hyundai": 68203.1378263011, "Ikco": 25850.0, "Infiniti": 127484.78260869565, "Isuzu": 22500.0, "Jaguar": 89220.23902439025, "Kia": 71240.36151168573, "Lada": 13972.839813374805, "Lancia": 64217.40909090909, "Lexus": 97100.0, "Lincoln": 120350.0, "MG": 45125.0, "Maserati": 162333.33333333334, "Mazda": 43596.836923076924, "Mercedes - Benz": 93347.9838902148, "Mercury": 175000.0, "Mini": 100174.60256410256, "Mitsubishi": 43780.3023255814, "Moskwitsch": 12750.0, "Nissan": 51720.469347396174, "Oldsmobile": 70000.0, "Opel": 68245.7275171394, "Peugeot": 52025.56360708534, "Plymouth": 50000.0, "Pontiac": 108377.77777777778, "Porsche": 154008.33333333334, "Proton": 21679.0, "Renault": 64477.453153006354, "Rover": 24264.058510638297, "Saab": 48383.61538461538, "Seat": 85198.07854171764, "Skoda": 79121.51187969925, "Smart": 70911.41509433962, "Subaru": 63191.6037735849, "Suzuki": 44635.17634408602, "Tata": 23071.20348837209, "Tofa\u015f": 17793.14343598055, "Toyota": 77616.41697481951, "Volkswagen": 83494.07744246934, "Volvo": 91120.29111747851}